file,llm_complexity_score,local_complexity_score,difference
mimers_brunn_short_1.txt,29.75,37.25,7.5
mimers_brunn_short_3.txt,149.94,44.52972972972973,105.41027027027027
mimers_brunn_short_4.txt,29.27,43.47472527472527,14.204725274725273
mimers_brunn_short_5.txt,34.68,38.41269841269842,3.7326984126984186
diva_short_2.txt,25.31,33.0,7.690000000000001
diva_short_3.txt,6.0,37.58914728682171,31.589147286821706